review_text,rating,review_date,source
Battery life is poor and the phone gets hot during video calls.,1,2026-03-03,DEMO DATA — Marketplace
The camera app crashes whenever I try to record a video.,1,2026-03-08,DEMO DATA — Issue Tracker
Customer support never replied about my replacement.,1,2026-03-12,DEMO DATA — Community
The price is too high for the storage you get.,2,2026-03-18,DEMO DATA — Marketplace
I wish the phone had a smaller size option.,3,2026-03-25,DEMO DATA — Community
"The battery is average, but the screen is excellent.",3,2026-04-04,DEMO DATA — Marketplace
Please add a better low-light camera mode.,3,2026-04-11,DEMO DATA — Community
The software update fixed the camera crash and the display looks great.,4,2026-05-02,DEMO DATA — Marketplace
Battery lasts all day now and the new camera is fantastic.,5,2026-05-08,DEMO DATA — Community
The price feels fair for the quality and performance.,4,2026-05-14,DEMO DATA — Marketplace
"Nova X has a brighter screen, but I am still comparing both phones.",3,2026-06-02,DEMO DATA — Community
I am switching from Demo Phone to Nova X because its battery lasts longer.,2,2026-06-09,DEMO DATA — Marketplace
I moved from Demo Phone to Pixel Q because the camera works better at night.,2,2026-06-17,DEMO DATA — Community
The latest battery update is excellent and the camera is much faster.,5,2026-09-21,DEMO DATA — Marketplace
The screen is bright and easy to read outdoors.,5,2026-09-23,DEMO DATA — Community
Support resolved my warranty question quickly.,4,2026-09-25,DEMO DATA — Marketplace
The latest update keeps crashing when I open the camera.,1,2026-09-28,DEMO DATA — Issue Tracker
I received a phishing email about my account linking to https://signin.example.test/reset. The message was impersonating company support.,1,2026-09-29,DEMO DATA — Community
Another phishing message used https://signin.example.test/reset and asked me to sign in.,1,2026-10-01,DEMO DATA — Marketplace
My account was taken over after I clicked a suspicious sign-in link.,1,2026-10-02,DEMO DATA — Community
I saw an unauthorized login on my account after the password reset.,1,2026-10-03,DEMO DATA — Marketplace
Several screens freeze after the newest software update.,1,2026-10-04,DEMO DATA — Issue Tracker
"Nova X is popular, but I have not decided whether to change phones.",3,2026-10-04,DEMO DATA — Community
