"review_text","rating","date","source"
"The most noticeable difference is the display; brightness and sharpness are a clear step up in quality.","","","https://www.reddit.com/r/GalaxyS25Ultra/comments/1ijqwgf/my_experience_with_the_s25_ultra_after_upgrading/"
"The S25 Ultra fails to deliver a full workday of use and issues a low-battery warning by midday.","","","https://www.reddit.com/r/samsunggalaxy/comments/1m2y751/i_think_my_new_galaxy_s25_ultra_is_the_worst/"
"This phone is stupid fast; apps open almost instantly and everything feels buttery smooth.","","","https://www.reddit.com/r/GalaxyS25Ultra/comments/1qa7vn6/upgraded-to-s25-ultra-yesterday-my-first/"
"I love how customisable it is, how light it is, and that it is fun to use.","","2025-02-23","https://www.reddit.com/r/samsunggalaxy/comments/1iwobhh/s25_ultra_one_week_later_opinion_im_addicted_to/"
"The S25 Ultra gives me two to four more hours of screen-on time than my S23.","","2025-02-01","https://www.reddit.com/r/GalaxyS25Ultra/comments/1ifilia/s25_ultra_review_after_24_hours/"
"I was consistently getting through the entire day without needing a charge until late evening.","","2025-04-04","https://www.reddit.com/r/GalaxyS25Ultra/comments/1jr6i70/s25ultra_battery_life_is_insane_my_experience/"
"The weight distribution is fantastic, making it feel light in hand.","","2025-02-11","https://www.reddit.com/r/samsung/comments/1in8ai3/my_review_of_galaxy_s25_ultra_after_using_it_for/"
"After the S25 Ultra replaced my broken Flip 5, its battery life made me very happy.","","2025-08-05","https://www.reddit.com/r/GalaxyS25Ultra/comments/1micqz7/battery_life_is_insane_on_s25_ultra/"
"I get about two days of battery life, which is much better than my old S23 Ultra.","","2025-08-06","https://www.reddit.com/r/GalaxyS25Ultra/comments/1micqz7/battery_life_is_insane_on_s25_ultra/"
"My S25 Ultra battery lasts almost twice as long as my S22 Ultra did.","","2025-08-06","https://www.reddit.com/r/GalaxyS25Ultra/comments/1micqz7/battery_life_is_insane_on_s25_ultra/"
"The battery and camera were welcome improvements after switching from a Fold 4, especially while travelling.","","2025-08-06","https://www.reddit.com/r/GalaxyS25Ultra/comments/1micqz7/battery_life_is_insane_on_s25_ultra/"
"My battery life has been inconsistent, so I sold the phone and moved to another brand.","","2025-08-06","https://www.reddit.com/r/GalaxyS25Ultra/comments/1micqz7/battery_life_is_insane_on_s25_ultra/"
"Battery life became very poor after an update, and I am waiting for a fix.","","2025-08-06","https://www.reddit.com/r/GalaxyS25Ultra/comments/1micqz7/battery_life_is_insane_on_s25_ultra/"
"The battery was draining faster than I hoped during the first few days.","","2025-08-07","https://www.reddit.com/r/GalaxyS25Ultra/comments/1micqz7/battery_life_is_insane_on_s25_ultra/"
"Battery life started improving after a few days of use.","","2025-08-08","https://www.reddit.com/r/GalaxyS25Ultra/comments/1micqz7/battery_life_is_insane_on_s25_ultra/"
"After its initial adjustment, the phone now lasts a full day even with heavy use.","","2025-11-04","https://www.reddit.com/r/GalaxyS25Ultra/comments/1micqz7/battery_life_is_insane_on_s25_ultra/"
"A user reports that the battery is about the same as their previous S23 Ultra.","","2025-08-06","https://www.reddit.com/r/GalaxyS25Ultra/comments/1micqz7/battery_life_is_insane_on_s25_ultra/"
"Battery life depends on usage; one owner typically uses the phone four to five hours daily.","","2025-08-06","https://www.reddit.com/r/GalaxyS25Ultra/comments/1micqz7/battery_life_is_insane_on_s25_ultra/"
"The S25 Ultra display looks sharper and more vibrant than my previous S24 Ultra.","","2025-02-01","https://www.reddit.com/r/samsung/comments/1iffgf8/the_s25_ultra_experience/"
"Scrolling feels smoother and the speakers sound clearer and louder than on my previous Ultra.","","2025-02-01","https://www.reddit.com/r/samsung/comments/1iffgf8/the_s25_ultra_experience/"
"A battery test reached eight hours and fifty minutes of screen-on time before reaching 6%.","","2025-02-08","https://www.reddit.com/r/samsunggalaxy/comments/1iktd5w/s25_ultra_battery_test/"
"After upgrading from an S23 Ultra, the display is brighter, sharper, and easier to use.","","2025-02-07","https://www.reddit.com/r/GalaxyS25Ultra/comments/1ijqwgf/my_experience_with_the_s25_ultra_after_upgrading/"
"Battery life is a strong point, and the phone feels smooth compared with my S23 Ultra.","","2025-02-07","https://www.reddit.com/r/GalaxyS25Ultra/comments/1ijqwgf/my_experience_with_the_s25_ultra_after_upgrading/"
"After a month with the S25 Ultra, I regularly get more than a day of battery life.","","2025-03-11","https://www.reddit.com/r/S25Ultra/comments/1j8v3hv/long_time_samsung_user_since_the_og_galaxy_s_just_wanted_to_share_my_s25_ultra_experience/"
