text,label
"This is fantastic, absolutely wonderful! I love it, best purchase ever.",positive
"I absolutely love this, super happy, exceeded all expectations.",positive
"The quality is outstanding, worth every penny, highly recommend.",positive
"Delivered quickly, exactly as described, very pleased overall.",positive
"Amazing product, gorgeous design and works beautifully.",positive
"The battery life is great and the sound is crystal clear, awesome.",positive
"Excellent service, friendly staff, prompt and helpful, thank you.",positive
"Surprisingly good, exceeded my expectations, will buy again.",positive
"Perfect, just perfect, nothing to complain about at all.",positive
"Best value for money, extremely satisfied with the quality.",positive
"I love the new design, feels premium and sturdy, very happy.",positive
"Fantastic packaging, arrived safely, item looks premium and elegant.",positive
"Very easy to use, setup was a breeze, intuitive and fast.",positive
"The screen quality is brilliant, vivid colours, sharp and bright.",positive
"Delivered ahead of schedule, superb experience, five stars.",positive
"Highly accurate and reliable, supports my work, thank you.",positive
"Best support team ever, they fixed my issue within minutes, love them.",positive
"Exceeds expectations, solid build quality, performs exactly as advertised.",positive
"The headphones are gorgeous, sound fantastic, great bass, love the comfort.",positive
"Super easy, user-friendly and fast, love using this every day.",positive
"Wonderful staff, prompt and courteous, such a pleasure to deal with.",positive
"This has been a joy to use, genuinely impressive product.",positive
"Pretty decent overall, meets expectations, no major complaints.",neutral
"It is okay, nothing special but does what it says.",neutral
"Average, middle of the road, neither great nor bad.",neutral
"The product is alright, could be better, could be worse.",neutral
"Received it yesterday, still testing but it seems functional.",neutral
"The size is as expected, colour matches the photo, nothing surprising.",neutral
"It works, not amazing but not disappointing either.",neutral
"Delivery was on time, item as described, no issues encountered.",neutral
"Okay for the price, decent enough for occasional use.",neutral
"The app is functional, interface is basic but usable.",neutral
"Item arrived intact, looks fine, haven't had much time to use it yet.",neutral
"Standard packaging, usual delivery window, nothing remarkable.",neutral
"Not sure yet, initial impression is neutral, need more time.",neutral
"Does the job, nothing exciting, would consider alternatives next time.",neutral
"As expected, minimal setup, no surprises so far.",neutral
"The manual is minimal, product is basic, but it works.",neutral
"Delivered as promised, colour slightly off but acceptable.",neutral
"Functional, not stylish, serves its basic purpose.",neutral
"Arrived within the window, tracking worked, no issues.",neutral
"Basic feature set, adequate for the price point, not outstanding.",neutral
"This is dreadful, worst experience ever, I hate it and want a refund.",negative
"Terrible, completely broken, waste of money, do not buy this.",negative
"Awful, the worst product I have ever purchased, total nightmare.",negative
"Horrible material, cheap and flimsy, broke immediately, very upset.",negative
"Disappointing, does not match the description at all, frustrated.",negative
"Extremely disappointed, poor build quality, falling apart after one use.",negative
"This is junk, utterly useless, regret every penny spent.",negative
"Bad shipping, arrived late and damaged, worst service, avoid.",negative
"The battery drains in minutes, unreliable, horrible value for money.",negative
"Rude support, unhelpful staff, never again, terrible experience.",negative
"Overpriced and underwhelming, feels cheap, not worth it, bad.",negative
"Slow, laggy and frustrating, constantly freezing, hate it.",negative
"The worst customer service imaginable, completely ignored my ticket.",negative
"The screen cracked immediately, horrible quality, very disappointed.",negative
"Never received it, tracking never updated, support was useless.",negative
"Appalling, the box arrived crushed, item was defective out of the box.",negative
"Defective unit, broke on first charge, support refused replacement, angry.",negative
"Got charged twice, billing was wrong and support did not fix it.",negative
"Smells bad, weird chemical odour, packaging was leaking, avoid.",negative
"Horrible lag, terrible responsiveness, unusable, waste of time.",negative
